{"cameraMode":{"drawMode":0,"name":"Shaded","section":"Shading Mode"},"sceneLighting":false,"audioPlay":false,"sceneViewState":{"m_AlwaysRefresh":false,"showFog":true,"showSkybox":false,"showFlares":true,"showImageEffects":true,"showParticleSystems":true,"showVisualEffectGraphs":true,"m_FxEnabled":true},"in2DMode":false,"pivot":{"x":-0.17185550928115846,"y":-0.4041869640350342,"z":0.24706873297691346},"rotation":{"x":-0.23597222566604615,"y":-0.7531980872154236,"z":0.3544106185436249,"w":-0.501461923122406},"size":0.8660253882408142,"orthographic":false}