{"cameraMode":{"drawMode":0,"name":"Shaded","section":"Shading Mode"},"sceneLighting":false,"audioPlay":false,"sceneViewState":{"m_AlwaysRefresh":false,"showFog":true,"showSkybox":false,"showFlares":true,"showImageEffects":true,"showParticleSystems":true,"showVisualEffectGraphs":true,"m_FxEnabled":true},"in2DMode":false,"pivot":{"x":0.19131582975387574,"y":0.009157538414001465,"z":-0.015056011267006398},"rotation":{"x":-0.4532553553581238,"y":-0.546711802482605,"z":0.4930262565612793,"w":-0.5026077628135681},"size":0.8660253882408142,"orthographic":false}